{"cameraMode":{"drawMode":0,"name":"Shaded","section":"Shading Mode"},"sceneLighting":false,"audioPlay":false,"sceneViewState":{"m_AlwaysRefresh":false,"showFog":true,"showSkybox":true,"showFlares":true,"showImageEffects":true,"showParticleSystems":true,"showVisualEffectGraphs":true,"m_FxEnabled":true},"in2DMode":false,"pivot":{"x":27.13622283935547,"y":-12.851825714111329,"z":-29.206750869750978},"rotation":{"x":-0.1893557459115982,"y":0.05505095049738884,"z":-0.010633446276187897,"w":-0.9803066253662109},"size":20.483623504638673,"orthographic":false}