{"cameraMode":{"drawMode":0,"name":"Shaded","section":"Shading Mode"},"sceneLighting":true,"audioPlay":false,"sceneViewState":{"m_AlwaysRefresh":false,"showFog":true,"showSkybox":true,"showFlares":true,"showImageEffects":true,"showParticleSystems":true,"showVisualEffectGraphs":true,"m_FxEnabled":true},"in2DMode":false,"pivot":{"x":3.7601945400238039,"y":-22.977739334106447,"z":37.87189865112305},"rotation":{"x":-0.06770933419466019,"y":-0.037201594561338428,"z":0.002626367611810565,"w":-0.9970917701721191},"size":47.96492385864258,"orthographic":false}