{"cameraMode":{"drawMode":0,"name":"Shaded","section":"Shading Mode"},"sceneLighting":false,"audioPlay":false,"sceneViewState":{"m_AlwaysRefresh":false,"showFog":true,"showSkybox":false,"showFlares":true,"showImageEffects":true,"showParticleSystems":true,"showVisualEffectGraphs":true,"m_FxEnabled":true},"in2DMode":false,"pivot":{"x":0.12981867790222169,"y":0.5165677666664124,"z":0.20519185066223145},"rotation":{"x":0.13256752490997315,"y":-0.20858711004257203,"z":-0.029084645211696626,"w":-0.9685410261154175},"size":3.7298102378845217,"orthographic":false}