{"cameraMode":{"drawMode":0,"name":"Shaded","section":"Shading Mode"},"sceneLighting":false,"audioPlay":false,"sceneViewState":{"m_AlwaysRefresh":false,"showFog":true,"showSkybox":false,"showFlares":true,"showImageEffects":true,"showParticleSystems":true,"showVisualEffectGraphs":true,"m_FxEnabled":true},"in2DMode":false,"pivot":{"x":0.5500005483627319,"y":-0.18105757236480714,"z":0.0361933708190918},"rotation":{"x":0.1374722570180893,"y":0.08261112123727799,"z":-0.0112610450014472,"w":0.9870111346244812},"size":5.085659980773926,"orthographic":false}