{"cameraMode":{"drawMode":0,"name":"Shaded","section":"Shading Mode"},"sceneLighting":false,"audioPlay":false,"sceneViewState":{"m_AlwaysRefresh":false,"showFog":true,"showSkybox":false,"showFlares":true,"showImageEffects":true,"showParticleSystems":true,"showVisualEffectGraphs":true,"m_FxEnabled":true},"in2DMode":false,"pivot":{"x":0.5171301960945129,"y":-5.530648708343506,"z":0.45305004715919497},"rotation":{"x":0.6709919571876526,"y":0.000394686619983986,"z":-0.004661281127482653,"w":0.7418357729911804},"size":4.153656005859375,"orthographic":false}